{
    "norms": [
        [
            14.037318757312311,
            20.923563448335848,
            19.39742774757433,
            22.174010055788457,
            22.867213215401033,
            20.30440737731641,
            16.243304966974257,
            23.445182870445954,
            21.8639522989456,
            27.730043145178026
        ],
        [
            16.283406181000586,
            24.28123630974621,
            22.466416083163004,
            25.92992818946492,
            26.374939857853523,
            23.768204682530484,
            18.705837902835256,
            26.826441447762576,
            25.125695308246616,
            31.985827566993702
        ]
    ],
    "mse_train_losses": [
        4.2783533293693025e-26,
        1.9114525436909259e-25
    ],
    "zero_one_train_losses": [
        0.0,
        0.0
    ],
    "mse_test_losses": [
        0.027244249833713947,
        0.025551339264616595
    ],
    "zero_one_test_losses": [
        0.1535,
        0.1452
    ]
}