{
    "norms": [
        [
            0.25854959015082796,
            0.27316078771217583,
            0.2550778869967613,
            0.26253401869483506,
            0.25560172168157225,
            0.23877665713890295,
            0.2610071698736746,
            0.26604923018895366,
            0.2501789855043312,
            0.2559030494556366
        ],
        [
            0.1997585677005971,
            0.2112547378640727,
            0.19866460059051486,
            0.20408757463830943,
            0.19783234577618256,
            0.18510793320364885,
            0.20141691000691236,
            0.2057494751783212,
            0.19404147978418498,
            0.1969661417190149
        ]
    ],
    "mse_train_losses": [
        1.0308502323525716e-29,
        1.1172392078510693e-29
    ],
    "zero_one_train_losses": [
        0.0,
        0.0
    ],
    "mse_test_losses": [
        0.13342527464846107,
        0.12042249112369993
    ],
    "zero_one_test_losses": [
        1.0573,
        1.0037
    ]
}