{
    "norms": [
        0.015190322510120327,
        0.021123550304802827,
        0.026019111445756145,
        0.033968021079726254,
        0.04350229533380113,
        0.04907119214891084,
        0.056309150325157833,
        0.07403133448186713,
        0.08609521264274317,
        0.09245673142682051,
        0.19095511416339647,
        0.21539983736574858,
        0.21954438201287774,
        0.22409492644294948,
        0.2646561640358221,
        0.32272707244654664,
        0.7108845620040719,
        1.351098775324643,
        2.3375328138864453,
        3.797277629233791,
        5.921077511193499,
        9.199765674265427,
        14.373440235934282,
        25.845744593705234,
        917.952296704492,
        29.61167881828124,
        22.331952574084397,
        19.484538930834518,
        17.90879371879365,
        14.760142354591185,
        15.328048112542575,
        17.327640344284656
    ],
    "num_parameters": [
        5,
        10,
        15,
        20,
        25,
        30,
        35,
        40,
        45,
        50,
        100,
        150,
        200,
        250,
        375,
        500,
        1000,
        1500,
        2000,
        2500,
        3000,
        3500,
        4000,
        4500,
        5000,
        5500,
        6000,
        6500,
        7000,
        10000,
        20000,
        30000
    ],
    "mse_train_losses": [
        0.9988345270683648,
        0.9977427557140219,
        0.9958041701004929,
        0.9924950919446208,
        0.9857158888258749,
        0.9785420438082539,
        0.9725230505621283,
        0.9534644945206444,
        0.9359415783857093,
        0.9326272608918041,
        0.6801916234561093,
        0.44775763382781714,
        0.3389280889143359,
        0.2881157563437615,
        0.2162843125135043,
        0.18427889502518022,
        0.12533484800204023,
        0.09197753900845494,
        0.06895412167183813,
        0.05010286395916656,
        0.03616181746368318,
        0.023450503952856687,
        0.013263569183057723,
        0.00499116687560102,
        5.1612384506084096e-24,
        1.1692237929580792e-26,
        1.1523823647588728e-26,
        2.613026105028539e-26,
        1.2638517058044726e-26,
        2.459650578062739e-26,
        1.0392680590865102e-25,
        1.337678836542914e-25
    ],
    "zero_one_train_losses": [
        0.8807,
        0.877,
        0.858,
        0.8464,
        0.8335,
        0.8218,
        0.8064,
        0.7874,
        0.7507,
        0.7477,
        0.39259999999999995,
        0.17400000000000004,
        0.09760000000000002,
        0.07879999999999998,
        0.0464,
        0.03520000000000001,
        0.013599999999999945,
        0.0043999999999999595,
        0.0010999999999999899,
        0.0004999999999999449,
        9.999999999998899e-05,
        0.0,
        0.0,
        0.0,
        0.0,
        0.0,
        0.0,
        0.0,
        0.0,
        0.0,
        0.0,
        0.0
    ],
    "mse_test_losses": [
        1.0014666292046763,
        1.0021280076806562,
        1.000883811676867,
        1.0001980240982893,
        0.9948462993566918,
        0.9903270945610929,
        0.9851532370352828,
        0.9689659443969716,
        0.9561525378524997,
        0.9542005056679891,
        0.7179596053029896,
        0.4831455608590333,
        0.37538939811797567,
        0.3297614460573308,
        0.26531996093748705,
        0.24231882185174414,
        0.22187065290422628,
        0.2287197047498943,
        0.2516572485983662,
        0.30045584175957774,
        0.3704339872388809,
        0.5076093800702483,
        0.7733364974848598,
        1.6560270070446557,
        1692.9957963593442,
        1.5538120556754078,
        0.8969765309259605,
        0.6844553341529903,
        0.5871016122951825,
        0.3931042102243448,
        0.28566041345912085,
        0.26436768539873406
    ],
    "zero_one_test_losses": [
        0.9035,
        0.8995,
        0.8774,
        0.8703,
        0.8547,
        0.8468,
        0.8323,
        0.8122,
        0.7809,
        0.7743,
        0.4425,
        0.20120000000000005,
        0.12760000000000005,
        0.10209999999999997,
        0.07420000000000004,
        0.06889999999999996,
        0.05489999999999995,
        0.051100000000000034,
        0.05049999999999999,
        0.05600000000000005,
        0.06810000000000005,
        0.08840000000000003,
        0.13229999999999997,
        0.2609,
        0.8759,
        0.24039999999999995,
        0.15439999999999998,
        0.121,
        0.10350000000000004,
        0.07420000000000004,
        0.05349999999999999,
        0.05410000000000004
    ]
}