{
    "norms": [
        0.021920780755497794,
        0.03580837789803106,
        0.047002049041252734,
        0.06988374595767623,
        0.0877282249030452,
        0.11852376744478446,
        0.14354778031674864,
        0.16559699188515245,
        0.17798586026569543,
        0.18666723821515088,
        0.22118360823055006,
        0.24192175677949296,
        0.2739851663356547,
        0.3238948914887628,
        0.48451539374006414,
        0.7087514136586461,
        2.350383811992155,
        5.962083189786229,
        14.378674530011699,
        4677.933882372255,
        22.333895986184352,
        17.713969582033286,
        16.17910120780627,
        15.321245528800585,
        14.794803356243458,
        14.521136356905933,
        14.363391401547172,
        14.469176419905887,
        14.480372378996218,
        15.359644111971793,
        19.184764025315918
    ],
    "mse_train_losses": [
        0.9975226973214092,
        0.9916079485667871,
        0.9828142215799281,
        0.9638780057975811,
        0.9354615013424814,
        0.8888260336324664,
        0.8421378578745785,
        0.7815326530763715,
        0.7377568360050932,
        0.688299106749661,
        0.3434888179029335,
        0.25173529500540764,
        0.2087918037607983,
        0.1866029333819237,
        0.14879742481177358,
        0.12403214997311747,
        0.06879175947073994,
        0.03562391219116457,
        0.013282687896478523,
        1.0439865979916024e-22,
        5.983401624846462e-27,
        1.4923900385839603e-25,
        7.754057377682518e-25,
        2.7733780735664277e-26,
        2.036813292944059e-25,
        1.2332765407548137e-25,
        4.76749818894136e-25,
        2.9345093078154467e-25,
        6.601992787541674e-26,
        2.3670389842182853e-25,
        4.461946227600851e-25
    ],
    "zero_one_train_losses": [
        0.8681,
        0.846,
        0.8246,
        0.7854,
        0.7545999999999999,
        0.6807000000000001,
        0.6148,
        0.5244,
        0.47550000000000003,
        0.4135,
        0.10309999999999997,
        0.06120000000000003,
        0.04569999999999996,
        0.0363,
        0.02210000000000001,
        0.01100000000000001,
        0.0011999999999999789,
        0.0,
        0.0,
        0.0,
        0.0,
        0.0,
        0.0,
        0.0,
        0.0,
        0.0,
        0.0,
        0.0,
        0.0,
        0.0,
        0.0
    ],
    "mse_test_losses": [
        1.0019984127464645,
        1.000115421431078,
        0.9954209502502532,
        0.9812253504377383,
        0.9564104353957986,
        0.9151773868664477,
        0.8710890812235266,
        0.8124307905199841,
        0.7756128396004949,
        0.7299277953486718,
        0.3840070403212765,
        0.29667323127448764,
        0.25951507196334866,
        0.24544489273716863,
        0.2253806427162827,
        0.22220530415078268,
        0.2507745671218211,
        0.37031050758831224,
        0.7901149692748736,
        52256.19472776651,
        0.8963817834865935,
        0.5802133862740769,
        0.47191111491685417,
        0.42742400701582556,
        0.3881804730824808,
        0.3677603263723576,
        0.35342735719136115,
        0.3361702193527474,
        0.32138624220062373,
        0.2848265408298646,
        0.25665276503598
    ],
    "zero_one_test_losses": [
        0.8983,
        0.8691,
        0.8507,
        0.8170999999999999,
        0.7836,
        0.7171000000000001,
        0.6549,
        0.5721,
        0.5343,
        0.46120000000000005,
        0.13460000000000005,
        0.0877,
        0.07479999999999998,
        0.06779999999999997,
        0.06010000000000004,
        0.054400000000000004,
        0.05149999999999999,
        0.06930000000000003,
        0.14149999999999996,
        0.8922,
        0.15680000000000005,
        0.10399999999999998,
        0.08209999999999995,
        0.0756,
        0.07069999999999999,
        0.06610000000000005,
        0.06710000000000005,
        0.0635,
        0.0595,
        0.05369999999999997,
        0.05349999999999999
    ]
}