{
    "norms": [
        0.014293165425483723,
        0.020511521354179073,
        0.02350233924987676,
        0.02828310304982945,
        0.03228058336392393,
        0.03553990672447642,
        0.03811901217075868,
        0.0395462003142068,
        0.04330933397948853,
        0.04502282565360919,
        0.06386269693014161,
        0.07887831221498441,
        0.0890076506899764,
        0.10193045322827379,
        0.12588068511206013,
        0.14978708633311627,
        0.2222253357799298,
        0.29449113499865237,
        0.36334374278421333,
        0.44453068200551504,
        0.5456897317223889,
        0.682179705265924,
        0.8818763817855558,
        1.3462068957906828,
        33.40866527316501,
        1.4286768556181841,
        0.99987288561685,
        0.8175765823895709,
        0.7035243215334186,
        0.4470587863592767,
        0.25880371091974097,
        0.19978022628049802
    ],
    "num_parameters": [
        5,
        10,
        15,
        20,
        25,
        30,
        35,
        40,
        45,
        50,
        100,
        150,
        200,
        250,
        375,
        500,
        1000,
        1500,
        2000,
        2500,
        3000,
        3500,
        4000,
        4500,
        5000,
        5500,
        6000,
        6500,
        7000,
        10000,
        20000,
        30000
    ],
    "mse_train_losses": [
        0.9989468197289798,
        0.9978665261042916,
        0.9972054985881712,
        0.995947070550533,
        0.9947618582698681,
        0.9936995762262258,
        0.9927345715999228,
        0.9921769269064953,
        0.9906817404160152,
        0.9898668707877947,
        0.9799108581498076,
        0.9698826817695458,
        0.9614231352044462,
        0.9501089370309413,
        0.9266773548772346,
        0.8986304702497513,
        0.8002335088643248,
        0.6961195678120901,
        0.6025607120836957,
        0.4996707819754365,
        0.4041926390314972,
        0.29882387644163994,
        0.19960864006121926,
        0.10062943611762784,
        7.086735010720169e-26,
        2.0039534118873787e-28,
        1.4822020632704262e-28,
        1.3044446665797056e-28,
        1.1624656292304185e-28,
        1.128341016156434e-28,
        1.0885050162548083e-28,
        1.0206302509549715e-28
    ],
    "zero_one_train_losses": [
        0.8852,
        0.8782,
        0.8721,
        0.8608,
        0.8628,
        0.8589,
        0.8519,
        0.8486,
        0.8386,
        0.8429,
        0.8168,
        0.7843,
        0.7632,
        0.7483,
        0.6910000000000001,
        0.6385000000000001,
        0.46740000000000004,
        0.29600000000000004,
        0.17079999999999995,
        0.08230000000000004,
        0.023900000000000032,
        0.0029000000000000137,
        0.0,
        0.0,
        0.0,
        0.0,
        0.0,
        0.0,
        0.0,
        0.0,
        0.0,
        0.0
    ],
    "mse_test_losses": [
        1.0012345185880585,
        1.0021182056817943,
        1.0030641234577018,
        1.0042485570352924,
        1.0049337770203326,
        1.0071617491678442,
        1.0070501684594524,
        1.0078102655000205,
        1.0100646067876757,
        1.0104242289154717,
        1.0208519641056348,
        1.0322352864502495,
        1.0393343698510116,
        1.0528193601887401,
        1.0791726246930988,
        1.1149543294808608,
        1.2520862647349549,
        1.4397184442041249,
        1.6725048422104118,
        1.9845324316729154,
        2.4854320231623683,
        3.3131614006116585,
        4.908516579555366,
        10.044342924600123,
        6506.022498468092,
        11.226566606086385,
        5.989173573753686,
        4.356335955704667,
        3.4726856061993456,
        2.0039220695772992,
        1.3349867585575725,
        1.1917199810342531
    ],
    "zero_one_test_losses": [
        0.9033,
        0.8985,
        0.8995,
        0.9015,
        0.9008,
        0.9022,
        0.9051,
        0.9004,
        0.9014,
        0.901,
        0.8989,
        0.9019,
        0.9027000000000001,
        0.9041,
        0.8965,
        0.9027000000000001,
        0.9069,
        0.9029,
        0.9026,
        0.8965,
        0.9046,
        0.8984,
        0.9025,
        0.9007000000000001,
        0.9059,
        0.8995,
        0.8996,
        0.8966,
        0.9014,
        0.8976999999999999,
        0.8987,
        0.8963
    ]
}