{
    "norms": [
        0.7377469789818731,
        1.0782352854399386,
        1.230987470213715,
        1.512588798174548,
        1.5975522771386075,
        2.124282288185882,
        2.4501315102790824,
        3.641889877105046,
        4.98676971850779,
        6.118323151928108,
        7.479935150197556,
        9.295967934348901,
        11.54795896709871,
        15.207642260723441,
        22.608288921059238,
        10530.653623084323,
        23.13241149820695,
        16.53158716222895,
        13.725686204266077,
        12.126518077064677
    ],
    "mse_train_losses": [
        27.747569521753555,
        27.45516156411356,
        27.26999742150451,
        26.941989966916108,
        26.778413652699918,
        25.889968991619487,
        25.339789807022864,
        22.671220617062875,
        19.278161493681395,
        16.88575692272157,
        13.975307664493661,
        11.512013028341759,
        8.215182283250298,
        5.817076647867998,
        2.742171410975066,
        2.5142250580382166e-22,
        2.3410542115417825e-26,
        1.962694236339982e-26,
        1.803381845018948e-26,
        1.8046597079691315e-26
    ],
    "zero_one_train_losses": [
        0.9147,
        0.923,
        0.9267,
        0.9277,
        0.925,
        0.9308,
        0.9277,
        0.931,
        0.9175,
        0.9105,
        0.8994,
        0.886,
        0.8617,
        0.8318,
        0.76,
        0.0,
        0.0,
        0.0,
        0.0,
        0.0
    ],
    "mse_test_losses": [
        28.445475661538968,
        28.539666911924733,
        28.795918162388272,
        29.37466568771645,
        29.61507849412677,
        30.118063419715288,
        31.328546685096978,
        34.536786672027944,
        40.815554101567,
        46.13128409396726,
        55.87610804072636,
        71.78498726983331,
        93.8902696789968,
        141.94280987963145,
        286.3521511925238,
        54915304.45929159,
        291.32564551650796,
        165.36595030658404,
        121.98061757723666,
        99.23937040605017
    ],
    "zero_one_test_losses": [
        0.9154,
        0.9233,
        0.9268,
        0.9276,
        0.9329,
        0.9301,
        0.9338,
        0.9421,
        0.9413,
        0.9406,
        0.9489,
        0.9567,
        0.9572,
        0.9697,
        0.9772,
        1.0,
        0.9792,
        0.9701,
        0.9633,
        0.9583
    ]
}