{
    "norms": [
        0.015201205962796064,
        0.02010839876467202,
        0.03588102049926019,
        0.050217436225684656,
        0.06988092493671053,
        0.0836984067794799,
        0.11283186635085925,
        0.13767444833294784,
        0.15299773716488133,
        0.16297336942516524,
        0.22478123896730015,
        0.24823949314472538,
        0.26879211327407,
        0.30513818600359344,
        0.40748877908810177,
        0.5147357966803654,
        1.0967645116668063,
        1.897611914194129,
        3.0544543047806725,
        4.603148964384689,
        6.924006359210738,
        10.422119437658615,
        16.0444241053285,
        28.331750198075348,
        2837.3140725522026,
        32.49588756742328,
        24.71605214511317,
        22.108137822809383,
        20.523245435988304,
        18.29229354640581,
        20.92554942967392,
        24.168609646999514
    ],
    "mse_train_losses": [
        0.9987731703955133,
        0.9977898261799645,
        0.9892700550982663,
        0.9771387937618612,
        0.959109839305403,
        0.9446663590655273,
        0.9089323499711496,
        0.8536333762643721,
        0.8241527763603954,
        0.7952888241004797,
        0.45455963734851584,
        0.33881464714063875,
        0.2775342005532989,
        0.24837039655560447,
        0.206457065979885,
        0.1819178532123135,
        0.12364169868420435,
        0.09314562144469692,
        0.07100198600189388,
        0.05417976396903992,
        0.03900974479428507,
        0.02632152174535833,
        0.015359043294800413,
        0.006041023175837143,
        1.2547673577741843e-22,
        1.1546394882383026e-25,
        1.0505418978381033e-25,
        1.3416496505108045e-24,
        8.908462390028672e-25,
        1.0919819504344804e-25,
        1.6375980573939066e-24,
        3.2159876005034748e-24
    ],
    "zero_one_train_losses": [
        0.8777,
        0.8726,
        0.845,
        0.8199,
        0.7848999999999999,
        0.756,
        0.6908000000000001,
        0.6422,
        0.5880000000000001,
        0.5481,
        0.17859999999999998,
        0.10250000000000004,
        0.07599999999999996,
        0.05889999999999995,
        0.04279999999999995,
        0.03080000000000005,
        0.011700000000000044,
        0.0041999999999999815,
        0.0011999999999999789,
        0.00019999999999997797,
        0.00019999999999997797,
        0.0,
        0.0,
        0.0,
        0.0,
        0.0,
        0.0,
        0.0,
        0.0,
        0.0,
        0.0,
        0.0
    ],
    "mse_test_losses": [
        1.0011159551708038,
        1.0005916919780116,
        0.9948706611234784,
        0.9870906063176517,
        0.9675435364956781,
        0.9554994962177394,
        0.9245590679428227,
        0.8714686712761417,
        0.8442556939489728,
        0.8204717157984677,
        0.4789952529429856,
        0.3690929770468807,
        0.3138810880757627,
        0.28379630010241413,
        0.2528398976044931,
        0.23765029488101286,
        0.2196691548637592,
        0.22999095883413753,
        0.26055791118846683,
        0.3067046948435725,
        0.38648321456898754,
        0.5295602447339792,
        0.8278804507203494,
        1.7209105633414918,
        15735.761547570875,
        1.5703059574764198,
        0.8836131644304757,
        0.6891539156852335,
        0.5709996335878398,
        0.3588042334680914,
        0.2733030666042163,
        0.2538713335369906
    ],
    "zero_one_test_losses": [
        0.895,
        0.888,
        0.861,
        0.8402000000000001,
        0.8023,
        0.7757000000000001,
        0.7202,
        0.6732,
        0.6239,
        0.5924,
        0.19689999999999996,
        0.125,
        0.09999999999999998,
        0.08489999999999998,
        0.06869999999999998,
        0.06359999999999999,
        0.049699999999999966,
        0.05069999999999997,
        0.053200000000000025,
        0.0605,
        0.07240000000000002,
        0.10129999999999995,
        0.15369999999999995,
        0.28469999999999995,
        0.8883,
        0.26959999999999995,
        0.1623,
        0.13249999999999995,
        0.10970000000000002,
        0.06869999999999998,
        0.05579999999999996,
        0.054300000000000015
    ]
}