{
    "norms": [
        0.46473248227631664,
        0.584673303008653,
        1.0012355462969913,
        0.9245583390137114,
        1.0065734794812793,
        1.2239389060367203,
        1.1658464063885132,
        1.4180953079361611,
        1.3331666151525452,
        1.3883530451717991,
        2.0399369961060203,
        2.8613904555223173,
        3.3656524496773192,
        3.663189039880212,
        4.841194646915821,
        5.943602491592731,
        9.880825386997294,
        14.633085213442744,
        19.881631515125704,
        25.2879087218315,
        33.22090526435184,
        43.84202589515649,
        59.628297981768,
        90.50662495207018,
        5169.082594738732,
        90.55557820893065,
        69.66157297156659,
        60.294483202132454,
        53.88792944351071,
        39.79465180239781,
        32.232280151662515,
        30.560023017916052
    ],
    "mse_train_losses": [
        10.021615821589767,
        6.7591951402857156,
        6.927748212681054,
        5.791972752646044,
        4.866138202564535,
        4.887668434119335,
        4.4044140055230185,
        4.512487609255155,
        4.223087226842242,
        3.9758529229028543,
        3.0926447782890527,
        2.722092270140312,
        2.4879941782734676,
        2.166682746545836,
        1.7778539389274632,
        1.6109623757624092,
        1.066576595374154,
        0.7772919796583478,
        0.5727316760593837,
        0.456630436795473,
        0.31119402402971347,
        0.21154136332482326,
        0.1263011181178758,
        0.05049655630406179,
        2.508235828253895e-24,
        6.522399576351734e-27,
        3.653806188376035e-27,
        2.882749832262812e-27,
        2.7673845186222065e-27,
        2.754809306210637e-27,
        1.5764050583212813e-27,
        1.234071361663849e-27
    ],
    "zero_one_train_losses": [
        0.897,
        0.8719,
        0.8599,
        0.8416,
        0.8384,
        0.8394,
        0.8127,
        0.8154,
        0.813,
        0.8033,
        0.7605,
        0.7349,
        0.7154,
        0.6951,
        0.6448,
        0.6272,
        0.5636,
        0.5163,
        0.4688,
        0.4297,
        0.3556,
        0.2628,
        0.1549,
        0.035,
        0.0,
        0.0,
        0.0,
        0.0,
        0.0,
        0.0,
        0.0,
        0.0
    ],
    "mse_test_losses": [
        9.866807135845399,
        6.493601130944074,
        6.888687812423009,
        5.923220190867134,
        4.837389808578959,
        4.719535908243816,
        4.339484195073029,
        4.473159419426821,
        4.396400515786965,
        3.9675895758953748,
        3.259534015218699,
        2.7750692783240374,
        2.6774460406516924,
        2.483415670206182,
        2.1342755976270036,
        2.0365613217291756,
        1.793775626509629,
        1.9106781322753987,
        2.0264387361385756,
        2.2464871530452553,
        2.7258257605836,
        3.4813861972741638,
        4.996734923870324,
        9.104382254942742,
        23584.138254449692,
        7.975008246352821,
        4.890504975546381,
        3.658052393011956,
        2.952143689043893,
        1.7677187946339865,
        1.2012469406882973,
        1.1291590630707802
    ],
    "zero_one_test_losses": [
        0.9014,
        0.8638,
        0.8503,
        0.8469,
        0.8315,
        0.8389,
        0.8112,
        0.8213,
        0.8246,
        0.8129,
        0.7756,
        0.7255,
        0.7316,
        0.7088,
        0.6778,
        0.6696,
        0.6482,
        0.6561,
        0.6656,
        0.6751,
        0.7071,
        0.7443,
        0.7928,
        0.8412,
        0.9968,
        0.8292,
        0.7774,
        0.747,
        0.7114,
        0.6177,
        0.5269,
        0.5084
    ]
}