{
    "norms": [
        39.402015444781306,
        32.19049913703126,
        30.457577056265155
    ],
    "mse_train_losses": [
        3.977205365532065e-27,
        2.4158297571647044e-27,
        1.961017789800888e-27
    ],
    "zero_one_train_losses": [
        0.0,
        0.0,
        0.0
    ],
    "mse_test_losses": [
        1.7248240707233105,
        1.234135055936487,
        1.1360190159715264
    ],
    "zero_one_test_losses": [
        0.6216,
        0.5329,
        0.5102
    ]
}