{
    "norms": [
        0.027964686347171447,
        0.051789632640433604,
        0.07411695054751324,
        0.07494019547518652,
        0.10529396665392432,
        0.1099452953796433,
        0.11510785807880572,
        0.12760397424590564,
        0.14070018278035465,
        0.14899072017246734,
        0.22350338851613252,
        0.2972629854774871,
        0.35446161553438904,
        0.4265450882209839,
        0.5255720418420852,
        0.6374928819322467,
        1.0980530563318753,
        1.5661452888181204,
        2.1137841076469854,
        2.764905603155797,
        3.635330639218598,
        4.677653683816651,
        6.383804611668985,
        9.757142190613308,
        5854.565074741073,
        10.237514416084377,
        7.422920101462128,
        6.315994463278858,
        5.731025672050472,
        4.263673328995455,
        3.439295859385014,
        3.255436304792098
    ],
    "mse_train_losses": [
        0.817405370902805,
        0.6960147562211584,
        0.6365285480895256,
        0.5862053186043532,
        0.5361551167209125,
        0.5417807728641397,
        0.49251151517251585,
        0.4809225608232745,
        0.4681970973973848,
        0.45419398289139173,
        0.35200108863133445,
        0.3100470163874916,
        0.2764364114356385,
        0.24932456595277086,
        0.2107168471051013,
        0.18365561838403388,
        0.12350840070973201,
        0.0917765009580648,
        0.0686244684917694,
        0.04990677000652494,
        0.036440435396142494,
        0.024590390739246473,
        0.01472279981270209,
        0.006129183800372709,
        4.684103026565999e-23,
        9.880184243197203e-27,
        2.0914828027713072e-27,
        2.6940564282230565e-27,
        9.917883589877405e-28,
        1.903184380051708e-28,
        4.700306766397249e-28,
        2.772059810665625e-28
    ],
    "zero_one_train_losses": [
        0.6361,
        0.46330000000000005,
        0.38680000000000003,
        0.3035,
        0.26880000000000004,
        0.2641,
        0.22640000000000005,
        0.20820000000000005,
        0.19689999999999996,
        0.18589999999999995,
        0.12009999999999998,
        0.09560000000000002,
        0.07840000000000003,
        0.0645,
        0.045499999999999985,
        0.03320000000000001,
        0.011299999999999977,
        0.0033999999999999586,
        0.0008000000000000229,
        0.00019999999999997797,
        0.0,
        0.0,
        0.0,
        0.0,
        0.0,
        0.0,
        0.0,
        0.0,
        0.0,
        0.0,
        0.0,
        0.0
    ],
    "mse_test_losses": [
        0.8201228562699061,
        0.7065846726447432,
        0.6425361477872571,
        0.5941305444027658,
        0.5446073514716575,
        0.5487670149385767,
        0.502765183434177,
        0.4950985216495973,
        0.4828563762973886,
        0.4643445100245119,
        0.3745667504956099,
        0.3372813109422194,
        0.3059846451545035,
        0.2881810948695748,
        0.2602218934325138,
        0.23929683090516318,
        0.2172277969431599,
        0.22319881285141482,
        0.23696097187293413,
        0.27004354959495536,
        0.3250412161215662,
        0.4043356833709979,
        0.594503800038359,
        1.1002777091914508,
        514615.6897723013,
        1.0163113658887986,
        0.5594800831076135,
        0.4146372142609878,
        0.34773084523664965,
        0.2061593496142219,
        0.14238930418167206,
        0.13104286313859007
    ],
    "zero_one_test_losses": [
        0.6469,
        0.47740000000000005,
        0.3994,
        0.3064,
        0.27849999999999997,
        0.27649999999999997,
        0.23129999999999995,
        0.21850000000000003,
        0.21220000000000006,
        0.19340000000000002,
        0.13490000000000002,
        0.11370000000000002,
        0.09560000000000002,
        0.09050000000000002,
        0.07789999999999997,
        0.06499999999999995,
        0.05049999999999999,
        0.049900000000000055,
        0.047599999999999976,
        0.05289999999999995,
        0.06220000000000003,
        0.0736,
        0.10950000000000004,
        0.20289999999999997,
        0.8943,
        0.18479999999999996,
        0.09850000000000003,
        0.07530000000000003,
        0.058599999999999985,
        0.038900000000000046,
        0.03149999999999997,
        0.031299999999999994
    ]
}