{"Train losses": {"random_fourier_1000": [0.15914148486154095, 0.10659625646984501, 0.08880909769588215, 0.0785386407641089, 0.07163003378897716, 0.06676715040567574]}, "Val losses": {"random_fourier_1000": [0.12072884081862867, 0.09599979175254703, 0.08356794551946223, 0.07515275781042874, 0.0691834429744631, 0.0650179983349517]}, "Test losses": {"random_fourier_1000": 0.06411920084505324}}