{"Train losses": {"two_layer_nn_7960": [0.7718326031782066, 0.45163369349613314, 0.42446977194327457, 0.4054884380026228, 0.389441061456492, 0.3707951202893713]}, "Val losses": {"two_layer_nn_7960": [0.4934241082519293, 0.47745467629283667, 0.4655669033527374, 0.4523162553086877, 0.4478051485493779, 0.4279821924865246]}, "Test losses": {"two_layer_nn_7960": 0.38737310435931394}}