{"Train losses": {"random_fourier_100": [0.17713745004811865, 0.1285693319455074, 0.11410198583724393, 0.10508660146385242, 0.0990242591234529, 0.09492720037129275, 0.09204680126184112, 0.08987905516935761, 0.0882774114988412, 0.08704049301565073, 0.0861140142675418, 0.08536060961188784, 0.0848069185758852, 0.08435884417052482, 0.08394848991920993, 0.08361985335114655, 0.08342347692721969, 0.08320664761552385, 0.08303525991690387, 0.0829325793844879, 0.08281534041758555, 0.08270905584476557, 0.08265628110451304, 0.08258936155563706, 0.08252894717037298, 0.08252498260728873, 0.08245333872593133, 0.0824208802952888, 0.08238874034137483, 0.0823532764793961, 0.08235494640602428, 0.08235010424047519, 0.08233729474673605, 0.08234168261669245, 0.08234379364616552, 0.0823383830535184, 0.08234741799770647, 0.08240138131911588, 0.08228819100720108, 0.08230839498863099, 0.08227703502033926, 0.08227691590596156, 0.08228605036522932, 0.08230823221480012, 0.08232842793889866, 0.0823158434811671, 0.08230167323616659, 0.08234400278443743, 0.08231139448797627, 0.08228363566527701, 0.08228700541576763, 0.08232506288654486, 0.08232267215183586, 0.08226090043213717, 0.08231060724159714, 0.08229781326594626, 0.08229404322470829, 0.082273318746667, 0.08227515533851211, 0.08227955061159316], "random_fourier_500": [0.17444714059115976, 0.12558393911191612, 0.10567293486967208, 0.09344962960595538, 0.08540410239985034, 0.07977753455282018, 0.07575689958538978, 0.07284594227553932, 0.07047693004274065, 0.06869449646799428, 0.06736935473456504, 0.06624052974923401, 0.06536527412237635, 0.06465759906609347, 0.0640172595336179, 0.06353123182324087, 0.06313796467177428, 0.06282850867433912, 0.06250910539251224, 0.06225987087199642, 0.06212427792180875, 0.061826268982165936, 0.06174342671207562, 0.061684351153434465, 0.06156575902821911, 0.061468791572531316, 0.06141724458830372, 0.061361547701867525, 0.061260602395435806, 0.061230960497810585, 0.061234979564027424, 0.06118702852896824, 0.06114218436229001, 0.06110923628138888, 0.0610461726215235, 0.06112388203478163, 0.06108733990294918, 0.0610213360161918, 0.061018411259932126, 0.06104983299211332, 0.06100371022038399, 0.061085229609042974, 0.061040368239591074, 0.06111058827703166, 0.06095919558766541, 0.060975696013611594, 0.06099095008080932, 0.06105802870195383, 0.06101748705574661, 0.06096386337640938, 0.06096439540481112, 0.06098749789937287, 0.06095017381249719, 0.06094842691235482, 0.06098015620640129, 0.06094284583428863, 0.060941597150199735, 0.06101010706584165, 0.06096042063870248, 0.060975553906837086]}, "Val losses": {"random_fourier_100": [0.14133317349478602, 0.12288964539766312, 0.11088753561489284, 0.10360243078321218, 0.0982923514675349, 0.09451236249879003, 0.09196791588328779, 0.09015764319337904, 0.08851617202162743, 0.08721949043683708, 0.08626313949935138, 0.08557699294760823, 0.08492496469989419, 0.08443622477352619, 0.08414155105128884, 0.08390836860053241, 0.08363844454288483, 0.08344929199665785, 0.08309609978459775, 0.08311109617352486, 0.08296546642668545, 0.08270326885394752, 0.08255486097186804, 0.08257140754722059, 0.08249107073061168, 0.08243015361949801, 0.08248596009798348, 0.08233412588015199, 0.08241423615254462, 0.08213140582665801, 0.08245451445691288, 0.08232765551656485, 0.08220825670287013, 0.08220618567429483, 0.08243547892197967, 0.08237012196332216, 0.08220873237587512, 0.08228008891455829, 0.08232340891845524, 0.08214911329559982, 0.08218318969011307, 0.08206505165435374, 0.08227419294416904, 0.08229127340018749, 0.08219465496949852, 0.08218787633813918, 0.08214592118747532, 0.08228489686734974, 0.08216729178093374, 0.08214266574941576, 0.08226967765949667, 0.08208385901525617, 0.0821368892211467, 0.0820437294896692, 0.08212283626198769, 0.08215333032421768, 0.08202127600088716, 0.08204051898792386, 0.08222866174764931, 0.08205808140337467], "random_fourier_500": [0.13981437333859503, 0.11417088937014341, 0.09878770727664232, 0.08942143665626645, 0.0826266510412097, 0.0778368660248816, 0.07414491008967161, 0.07158666220493615, 0.06977698090486228, 0.06772597483359277, 0.06656546727754176, 0.06568408710882068, 0.06481266277842224, 0.06424518127460033, 0.06375498627312481, 0.0630651005776599, 0.06276249967049807, 0.0626089230645448, 0.06234187807422131, 0.06188635586295277, 0.061947707552462816, 0.061643117223866284, 0.06180029327515513, 0.06168231717310846, 0.06146893883123994, 0.061469945358112454, 0.06128177419304848, 0.06163002585526556, 0.06133519939612597, 0.061172392568551004, 0.06113991513848305, 0.061370495473966, 0.06111447047442198, 0.061170791857875884, 0.06107980560045689, 0.06102818564977497, 0.06117390585131943, 0.06098269228823483, 0.06088724487926811, 0.061058179126121104, 0.06127101194579154, 0.06110628671012819, 0.06103661225643009, 0.06120358873158693, 0.06068002409301698, 0.06108937517274171, 0.06112305959686637, 0.06107337342109531, 0.06100897153373808, 0.06113299890421331, 0.0610402999445796, 0.06092947837896645, 0.061015713145025074, 0.06122141145169735, 0.061049194540828466, 0.06112988549284637, 0.060815643169917166, 0.060762599925510585, 0.0612615633290261, 0.060728119453415275]}, "Test losses": {"random_fourier_100": 0.08220678278405195, "random_fourier_500": 0.06083479203331243}}