{"Train losses": {"two_layer_nn_3985": [0.33995970468672493, 0.14049703734261648, 0.11923477644958193, 0.10680256819441206, 0.09968194755769912, 0.0955258717849141, 0.09315632011682268, 0.09181130133450978, 0.09100821306781164, 0.09055607943307786, 0.0903109587610714, 0.09014356479285256, 0.09006054971426253, 0.09001082548546413, 0.08998088361251921, 0.08996898408920045, 0.0899559688710031, 0.08994999930026039, 0.08994748159533456, 0.08994549560168433, 0.08994372685750325, 0.08994337999158436, 0.08994384263716047, 0.08994191293678587, 0.08994039159918589, 0.08994345887312813, 0.08994237002399233, 0.08994347353776296, 0.08994520739430473, 0.0899427816981361, 0.08994512898581368, 0.08994434726616693, 0.08994393038844305, 0.08994610595797735, 0.0899434962442943, 0.08994083697833712, 0.0899409975797411, 0.08994274669223362, 0.0899423479087769, 0.08994451449030921, 0.08994358955394655, 0.08994567193209178, 0.08993920541944958, 0.08994203202781223, 0.08994041489703315, 0.0899418792317784, 0.08994303052387541, 0.0899453724897097, 0.08994440710733807, 0.08994523021909925, 0.0899432823061943, 0.08994366370496296, 0.08994384642158236, 0.08994627933180521, 0.08994211268330378, 0.08994008458796002, 0.08994129418380677, 0.08994671714211268, 0.08994235512283114, 0.08994237463625651], "two_layer_nn_5575": [0.16212114549818493, 0.12026387973437233, 0.0915406665631703, 0.09000392269993586, 0.08903676153175415, 0.08810201334574866, 0.08705338800237292, 0.08578662479680682, 0.08441814389966783, 0.08318726943125801, 0.08213241090850225, 0.0814819818451291, 0.08100078325896036, 0.08065589162565413, 0.08040747141081189, 0.08017795532941818, 0.07999450784353983, 0.07983681157467858, 0.07969341947445793, 0.07952143571206502, 0.0794220921539125, 0.07932524726031319, 0.07920662644836637, 0.0790964084721747, 0.07903645577884856, 0.07891765473380921, 0.07884582404106383, 0.07873888230986065, 0.07863554453092908, 0.07864266728597974, 0.07855487934180669, 0.07843871272745587, 0.07840710724630053, 0.07835662849838772, 0.07829967389504115, 0.07826007358611577, 0.07817578173819043, 0.07809913489553663, 0.07807052667651858, 0.07797891942281572, 0.07793875074102766, 0.07795903618846621, 0.07782480534580019, 0.0777957836786906, 0.07776209392717906, 0.07769559607619331, 0.07766369221702454, 0.07754414008250313, 0.0775772100166669, 0.0774834333431153, 0.0774644711424434, 0.07740841936024409, 0.07736509518017845, 0.0773193287470984, 0.07723596952264271, 0.07720270338985655, 0.07713182589837483, 0.07710507098171446, 0.07702282390424184, 0.07700570826492613], "two_layer_nn_7960": [0.09693383863047948, 0.0880633130196541, 0.08402613030066566, 0.08107181603000277, 0.07873416964023833, 0.07665471235911052, 0.07466936631808205, 0.07296841272286006, 0.07149450551895868, 0.0700854081956167, 0.06869889701169635, 0.0673330659785914, 0.06607231125235558, 0.06483825189726693, 0.06369183998968866, 0.06265771944844534, 0.0616756844378653, 0.060698207172136455, 0.059810450152745324, 0.05909919880685352, 0.058451477733869404, 0.05791602567547843, 0.05748487589141679, 0.05713089520022983, 0.056652771811636665, 0.05636472852220611, 0.056073513118520615, 0.055768719209092, 0.05542833647794194, 0.05531318249210479, 0.05502990745599308, 0.05483305300512011, 0.05449835252430704, 0.05437432365521552, 0.05425127412355135, 0.053962779778336724, 0.05374547259675132, 0.053674793314366115, 0.05355524295379245, 0.053333254856249644, 0.05321895827849706, 0.05303155477084811, 0.052925093779488216, 0.05279840960625618, 0.0526975549994007, 0.05260238098719763, 0.0524451829611309, 0.05240894215447562, 0.05230656414041444, 0.052117826150996346, 0.052171873963541456, 0.05199358925696403, 0.05194065826279776, 0.05180313432263949, 0.051741374804387015, 0.05164455332689815, 0.051632915106084615, 0.05148490932252672, 0.051468225107306524, 0.05130638081639532], "two_layer_nn_11935": [0.1075480514102512, 0.07620838497366224, 0.06502559988035096, 0.05904177712306144, 0.05573807987901899, 0.053653824010065625, 0.05214045184945303, 0.051248526998928616, 0.05041799463686489, 0.049844451012119415, 0.049193556523985334, 0.04847361667761727, 0.04781888117865911, 0.046920668156374065, 0.04609803335061149, 0.045254713900032495, 0.04440837554515354, 0.04365284315177372, 0.04296950227211392, 0.04234125287759872, 0.04179024394778978, 0.041286359762861616, 0.04074609652161598, 0.04031056993537479, 0.03987204803833886, 0.03946899084581269, 0.03919698327543244, 0.03873827473984824, 0.03841161642164465, 0.038034481129476, 0.03773956544815548, 0.03745320117071507, 0.037197172257398804, 0.0369208755178584, 0.036723990762044516, 0.03648995203039949, 0.036315594459809954, 0.03604081536214503, 0.03585644769999716, 0.03568645049300459, 0.03547075831346096, 0.035462798402896005, 0.03521367848392517, 0.034909518819952766, 0.03483643125565279, 0.034765558642527415, 0.0345611200919227, 0.03439835858132158, 0.034252182063129216, 0.03403639831831531, 0.03397304100531434, 0.03376437714766888, 0.03360826865075126, 0.033413852313681255, 0.03330878792182794, 0.033163913836081825, 0.03294290912648042, 0.032876389367239814, 0.03270870068716624, 0.03261066035973647], "two_layer_nn_15910": [0.09071316321690877, 0.06259547670682271, 0.049792943847557856, 0.043248918498792345, 0.03973831345755902, 0.037628949338954595, 0.03638579950682701, 0.03534098829896677, 0.03459845592696515, 0.034105862860405255, 0.03370088646336207, 0.03328861494267744, 0.032953593377319595, 0.032688897369163375, 0.032406165013237606, 0.03213850991238677, 0.03201411096822648, 0.03176978514308021, 0.03159498225247103, 0.03139439715989052, 0.03121294713919125, 0.031081629532670216, 0.030848735352120703, 0.030756501126147452, 0.030531978293780297, 0.030462465589008635, 0.03025789623932233, 0.030127253619924424, 0.030090137665706968, 0.029927056696679857, 0.029795165365887066, 0.02965690281301264, 0.02957872605867802, 0.029381574146331302, 0.02926379456997864, 0.029185475397204595, 0.02903188108688309, 0.028928420639463832, 0.02878340230219894, 0.028626086692961437, 0.0285643795948653, 0.028472529399016545, 0.02832280933147385, 0.028198819725759446, 0.028048953869276576, 0.027910555195477273, 0.027841058337972277, 0.02775611441641573, 0.027603160146446454, 0.027469001710414886, 0.027410371524710504, 0.02738024406726398, 0.027130243531058706, 0.02705392794358352, 0.02691463221396719, 0.0268051406693837, 0.026805263042213427, 0.026572540402412415, 0.026508830990346652, 0.02635532123820176]}, "Val losses": {"two_layer_nn_3985": [0.15741633108029, 0.12918102683929297, 0.11308533469071755, 0.10373975795048934, 0.09821682480665353, 0.09482545061753346, 0.09293329887665235, 0.09177762671158864, 0.0911321508196684, 0.09073651524690482, 0.09051194787025452, 0.09038201834146793, 0.09026346699549602, 0.09022462081450683, 0.09020115492435601, 0.09018150717020035, 0.09013223418822655, 0.09014636965898368, 0.09013566374778748, 0.09013074063337766, 0.0901393460539671, 0.09014317679863709, 0.09013665238252053, 0.09011849703697059, 0.090108443911259, 0.09010423433322173, 0.09010943713096473, 0.0901198868568127, 0.09011889019837746, 0.09012072476056907, 0.09010315170654884, 0.09011141611979558, 0.09011187920203576, 0.09011584348403491, 0.09012547135353088, 0.09011422556180221, 0.09011261738263644, 0.09013889901913129, 0.0901123692209904, 0.09012316912412643, 0.09012723484864602, 0.09011324036579865, 0.09012448501128417, 0.09011632834489529, 0.09013109826124631, 0.09011855893410169, 0.09012823036083809, 0.09013549696940643, 0.09013933803026493, 0.09013003970567997, 0.09012646686572295, 0.09012177930428432, 0.09009461506054951, 0.09011368224254021, 0.09010780831942192, 0.09010595885606912, 0.0901082966190118, 0.09010869493851295, 0.09011406164902908, 0.09012464720469254],