{
    "norms": [
        7.435683516619952,
        4.331146251972662,
        3.3533690003616887
    ],
    "mse_train_losses": [
        3.1107816127413855e-27,
        3.0271411496249363e-27,
        2.8753804122555123e-27
    ],
    "zero_one_train_losses": [
        0.0,
        0.0,
        0.0
    ],
    "mse_test_losses": [
        55.758801596334614,
        37.36124990098052,
        33.9044609049491
    ],
    "zero_one_test_losses": [
        0.9511,
        0.9451,
        0.942
    ]
}