{
    "norms": [
        [
            0.4464460542731196,
            0.47868556379071264,
            0.4412998814786684,
            0.45331091822161845,
            0.4434141298725417,
            0.4140563501387645,
            0.4504398764864943,
            0.4652656941770073,
            0.43724793596183786,
            0.4392723885179467
        ],
        [
            0.25875682438898123,
            0.274782582631299,
            0.25784827075167727,
            0.26046939823687343,
            0.2567339664415328,
            0.23984434211561778,
            0.25895778682328596,
            0.26536434718739044,
            0.24938926377257553,
            0.2546786251218143
        ],
        [
            0.20009601555343018,
            0.21204246595064521,
            0.19832789875135215,
            0.20330075948988735,
            0.19910025599322698,
            0.18547301690332763,
            0.20092821718950793,
            0.2071843628358554,
            0.19392888653903156,
            0.19905857261057655
        ]
    ],
    "mse_train_losses": [
        1.1110607807851723e-29,
        1.0208779167340512e-29,
        9.857923092099447e-30
    ],
    "zero_one_train_losses": [
        0.0,
        0.0,
        0.0
    ],
    "mse_test_losses": [
        0.19910888261364812,
        0.1331116942887739,
        0.12013307050314183
    ],
    "zero_one_test_losses": [
        1.9686,
        1.0512,
        1.0037
    ]
}
