{
    "norms": [
        [
            2.49993183360988,
            2.861908995293037,
            3.407958650162,
            3.7819527181840424,
            3.6535012161590354,
            3.429568625783573,
            2.80241395307607,
            3.6548157641336902,
            3.892705919199867,
            4.4493297887724585
        ],
        [
            2.3667506344951796,
            2.704860364621702,
            3.208156993765879,
            3.5978288325521692,
            3.4727411493514997,
            3.266512236222858,
            2.645590027064773,
            3.459155159931035,
            3.6692174604151835,
            4.201994778749252
        ]
    ],
    "mse_train_losses": [
        3.240822797953572e-29,
        2.427878648285698e-29
    ],
    "zero_one_train_losses": [
        0.0,
        0.0
    ],
    "mse_test_losses": [
        0.01436921987368353,
        0.01300169989533129
    ],
    "zero_one_test_losses": [
        0.0777,
        0.0728
    ],
    "num_parameters": [40000, 60000]
}
