{
   "num_parameters":[100, 200, 300, 400, 500, 750, 1000, 2000, 3000, 4000, 5000, 6000, 7000, 8000, 9000, 10000, 11000, 12000, 13000, 14000, 20000, 40000, 60000] ,
   "norms":[
      1.5660715872352786,
      2.136242275580527,
      2.7366853981629222,
      3.428244065371285,
      3.773259450872205,
      4.972106928977541,
      6.1671506597278025,
      10.20164581111002,
      14.594307517548392,
      19.715703595419498,
      25.865124683448254,
      33.35239135817405,
      43.749977147179344,
      58.91847505434342,
      92.95657087943518,
      57436.08455222973,
      96.2721177084107,
      70.2559119208396,
      60.55714427733158,
      52.646108835225945
   ],
   "mse_train_losses":[
      3.896310867683853,
      3.285752931174251,
      2.660491819777393,
      2.3885074837477043,
      2.1382421949108883,
      1.8292210364544452,
      1.6041563278920952,
      1.081108747203155,
      0.7852685985588185,
      0.5905186531292688,
      0.4374678694762298,
      0.30865137551416194,
      0.21321384122638437,
      0.12441557970230342,
      0.05323161916474212,
      6.0161406711872655e-22,
      2.0745530211656808e-26,
      3.2619379268771817e-26,
      1.7218705777413576e-26,
      1.2730184833894863e-26
   ],
   "zero_one_train_losses":[
      0.7955,
      0.76,
      0.7278,
      0.7087,
      0.6985,
      0.6524,
      0.632,
      0.5675,
      0.5218,
      0.4705,
      0.4194,
      0.35,
      0.2641,
      0.1516,
      0.0344,
      0.0,
      0.0,
      0.0,
      0.0,
      0.0
   ],
   "mse_test_losses":[
      3.883422994358486,
      3.4274827077893177,
      2.8250481004049144,
      2.562745171623209,
      2.36020526397192,
      2.235389789018386,
      2.053131953927558,
      1.7922404903732727,
      1.9145163812412254,
      2.0353628649668822,
      2.2636638939955627,
      2.650423106330839,
      3.4154941077290233,
      4.986931864489289,
      9.240780664249543,
      3100787.581356798,
      8.993805681271223,
      4.770626975821903,
      3.6800519943597916,
      2.8762422985489846
   ],
   "zero_one_test_losses":[
      0.8005,
      0.7724,
      0.7391,
      0.7146,
      0.7071,
      0.6915,
      0.6782,
      0.6456,
      0.6447,
      0.6625,
      0.688,
      0.7111,
      0.7421,
      0.7869,
      0.8408,
      0.9994,
      0.8397,
      0.7704,
      0.7445,
      0.7134
   ]
}
