{
    "norms": [
        0.303891605968786,
        0.3681588539454903,
        0.4029592651661281,
        0.43305375713365374,
        0.5591164876115976,
        0.5999350681598433,
        0.6141622043214243,
        0.6387575681888549,
        0.7564818495195025,
        0.7719399766008453,
        1.0920745351310654,
        1.263096113011488,
        1.5676633174804104,
        1.7034882431531808,
        2.065984283979288,
        2.582807707244392,
        3.719632871822826,
        4.855627182983235,
        6.033601472711988,
        7.498741094620883,
        9.13925204713962,
        11.334547979445857,
        14.960112509235868,
        22.67612571618987,
        7991.499308203325,
        23.306758693791856,
        16.713359866223744,
        13.635639074913108,
        11.936511036598873,
        7.392927310829457,
        4.335488841023584,
        3.3763411518575417
    ],
    "mse_train_losses": [
        27.974303820601566,
        27.95479357440858,
        27.940959614217835,
        27.925761589889984,
        27.86049927308203,
        27.84002470163175,
        27.836671278784493,
        27.822395579420036,
        27.735377342658,
        27.733925333107333,
        27.44742225901689,
        27.224920538205186,
        26.849316668887628,
        26.632018035010066,
        26.02089023372699,
        25.096745654271736,
        22.428544309990947,
        19.734104336818902,
        16.956882831029972,
        13.919165760026623,
        11.015292466586777,
        8.502832655314693,
        5.698124462629108,
        2.930033732763899,
        3.435012502315724e-22,
        5.620672895084672e-27,
        3.962967856927663e-27,
        3.52717125491317e-27,
        3.451041129311773e-27,
        2.9460282111097242e-27,
        2.787374385671245e-27,
        2.8733943179635086e-27
    ],
    "zero_one_train_losses": [
        0.9007,
        0.9009,
        0.9035,
        0.9036,
        0.908,
        0.9091,
        0.9095,
        0.9088,
        0.9174,
        0.9173,
        0.9213,
        0.925,
        0.9256,
        0.926,
        0.9285,
        0.9309,
        0.9292,
        0.9175,
        0.9123,
        0.8995,
        0.8861,
        0.8662,
        0.8401,
        0.7706,
        0.0,
        0.0,
        0.0,
        0.0,
        0.0,
        0.0,
        0.0,
        0.0
    ],
    "mse_test_losses": [
        28.143028996854937,
        28.260272166292108,
        28.20244905107658,
        28.253115153227014,
        28.207356145742633,
        28.31320413954205,
        28.49717449209782,
        28.37863698525012,
        28.47230108630259,
        28.405627284784206,
        28.786401919789135,
        28.86708277326358,
        29.344046092442156,
        29.683072473915487,
        30.34385049291004,
        31.665128220062673,
        34.65263027807548,
        40.13641949435567,
        46.370761244067374,
        57.40890404145519,
        67.70540434459824,
        90.72114555039262,
        141.7081026358033,
        281.00031308365396,
        32510803.553722255,
        295.4378299163571,
        168.37686397846278,
        120.3911891372035,
        97.64458427027401,
        56.409601187593935,
        37.54303203734448,
        33.70513263244507
    ],
    "zero_one_test_losses": [
        0.9027,
        0.903,
        0.9058,
        0.9063,
        0.9086,
        0.9096,
        0.9107,
        0.9123,
        0.917,
        0.9184,
        0.9248,
        0.9292,
        0.9316,
        0.931,
        0.9366,
        0.9343,
        0.9362,
        0.9459,
        0.9501,
        0.9524,
        0.958,
        0.9606,
        0.9647,
        0.9772,
        1.0,
        0.9769,
        0.9712,
        0.9638,
        0.9609,
        0.9524,
        0.9437,
        0.9364
    ]
}