{
    "norms": [
        0.21759895075498328,
        0.3668761411219735,
        0.489897283555053,
        0.9697509808407353,
        1.223615865016858,
        1.7314923664990918,
        2.252345060598983,
        3.0299977914406693,
        3.416271879831963,
        3.4972929747704673,
        2.6340624989944126,
        2.450804918814727,
        2.6053976335330074,
        2.7701134745785323,
        3.68733796375203,
        4.953247593908198,
        10.354092348802759,
        17.658343362690886,
        28.388507040009685,
        43.21072086626303,
        64.9577136168268,
        95.28912239030777,
        143.66574473868505,
        261.589489981167,
        17904.298141914853,
        287.1609614190603,
        228.41978112836787,
        203.28901777088825,
        188.0480119995426,
        169.62605189633126,
        191.59355666050322,
        222.37156023227763
    ],
    "mse_train_losses": [
        27.996787377749133,
        27.953564676927055,
        27.896197467514792,
        27.539423239514978,
        27.21421230330987,
        26.382031760640558,
        25.179505345074826,
        22.007624460838475,
        18.75075294145043,
        17.489996372158373,
        4.8371444497967575,
        3.068110482006912,
        2.48717227331135,
        2.159449388271527,
        1.744786783674522,
        1.5484443228469158,
        1.1014160884042326,
        0.7781865343098642,
        0.5950185477274262,
        0.4329060795171592,
        0.3150126511466994,
        0.21407486368496134,
        0.12632018311374246,
        0.04660585992992632,
        8.981401359647666e-22,
        1.7132879482792633e-24,
        1.0149681457716774e-24,
        1.0729426122269992e-24,
        5.778773234660335e-25,
        1.9475433873935872e-25,
        2.65400243640817e-23,
        5.191294067004894e-23
    ],
    "zero_one_train_losses": [
        0.8999,
        0.9007,
        0.8987,
        0.9157,
        0.9108,
        0.9191,
        0.9211,
        0.9136,
        0.9067,
        0.9008,
        0.817,
        0.7516,
        0.7135,
        0.6942,
        0.6514,
        0.6298,
        0.5783,
        0.5184,
        0.4684,
        0.4103,
        0.3482,
        0.2592,
        0.1485,
        0.0327,
        0.0,
        0.0,
        0.0,
        0.0,
        0.0,
        0.0,
        0.0,
        0.0
    ],
    "mse_test_losses": [
        28.150647904587352,
        28.172289966994548,
        28.1918981957092,
        27.784174980126927,
        27.420990016510657,
        26.9794426179201,
        25.369325384616527,
        22.798990460972963,
        19.717573166574503,
        18.027888340848456,
        5.093605982560871,
        3.1596705598329855,
        2.7048139907613717,
        2.41998633413324,
        2.024986448413113,
        2.0044336485327223,
        1.893562518641379,
        1.948054210441337,
        2.150477218394614,
        2.580042653926002,
        3.3148576527560634,
        4.391810374889562,
        6.4800851547539935,
        14.356293709183602,
        48517.13285422691,
        11.879146927279974,
        7.28382097539302,
        5.476695984340432,
        4.475305504530277,
        2.916558120336111,
        2.1673779615493647,
        2.0378404428570422
    ],
    "zero_one_test_losses": [
        0.902,
        0.9033,
        0.9016,
        0.92,
        0.9148,
        0.9154,
        0.9234,
        0.9135,
        0.9066,
        0.9078,
        0.8119,
        0.7635,
        0.7259,
        0.7199,
        0.6812,
        0.6593,
        0.6455,
        0.653,
        0.6598,
        0.6832,
        0.7172,
        0.7501,
        0.7889,
        0.8484,
        0.997,
        0.8335,
        0.7939,
        0.7562,
        0.7423,
        0.6914,
        0.6391,
        0.6299
    ]
}