{
    "norms": [
        4.343293511047927,
        3.3525330666960524
    ],
    "mse_train_losses": [
        2.9583130701038036e-27,
        2.94593183337678e-27
    ],
    "zero_one_train_losses": [
        0.0,
        0.0
    ],
    "mse_test_losses": [
        37.857275347862,
        33.510296259150465
    ],
    "zero_one_test_losses": [
        0.9399,
        0.9455
    ]
}