{
    "norms": [
        0.11581187864071917,
        0.16432806341945375,
        0.14937207297718988,
        0.1526896801027514,
        0.15116631472437053,
        0.15055934836218265,
        0.1509531374235025,
        0.1532764304188194,
        0.14027328094734332,
        0.16279836068345052,
        0.17126621825233362,
        0.1828107124977701,
        0.17418239842427166,
        0.1793299286196715,
        0.1853778855550488,
        0.1956538255052388,
        0.23705853850848688,
        0.27701163838929016,
        0.3159974547670418,
        0.368396844493053,
        0.43757586274578975,
        0.5215571461647952,
        0.6600958938780415,
        0.9518055605046352,
        30.54525930017597,
        0.8844799952012844,
        0.642022249047053,
        0.5199315904036205,
        0.45369213193597413,
        0.2826775777897179,
        0.16173618822227234,
        0.12494989573488008
    ],
    "mse_train_losses": [
        9.079295859990264,
        10.154387174383306,
        7.198771844782659,
        5.961799424048261,
        5.607474491776151,
        5.108581162178909,
        4.699640897601808,
        4.639722263403094,
        3.983714825758277,
        4.350535711470981,
        3.3110672035389137,
        2.9617409898661156,
        2.6128138057185626,
        2.240024253640714,
        1.946637236920929,
        1.650035681753658,
        1.084584149209803,
        0.8233534887931561,
        0.6028926728854831,
        0.44633474848155064,
        0.3259893885367087,
        0.20704361811632715,
        0.12280070637875468,
        0.05194498282333612,
        9.363482970672659e-25,
        5.316865218794544e-27,
        3.5110456171922895e-26,
        4.559054651023902e-27,
        6.087222783814181e-27,
        3.6947537131598925e-27,
        5.171507025621441e-27,
        2.866205677505513e-27
    ],
    "zero_one_train_losses": [
        0.8731,
        0.8871,
        0.8608,
        0.8504,
        0.8443,
        0.8203,
        0.8043,
        0.8127,
        0.788,
        0.8156,
        0.7592,
        0.7427,
        0.7202,
        0.6985,
        0.6671,
        0.6408,
        0.571,
        0.5318,
        0.4771,
        0.4231,
        0.3605,
        0.2636,
        0.1528,
        0.0359,
        0.0,
        0.0,
        0.0,
        0.0,
        0.0,
        0.0,
        0.0,
        0.0
    ],
    "mse_test_losses": [
        8.807730908552127,
        9.553166538986273,
        6.918435957660815,
        5.860341065838207,
        5.567046914691462,
        4.886511704548153,
        4.637051717919432,
        4.491481363632517,
        4.040081649603094,
        4.452292399202364,
        3.378123063386548,
        3.123508839345442,
        2.8265833561275233,
        2.4507898020641252,
        2.294244302542416,
        2.0895510060334614,
        1.8684179428478067,
        1.9368279594185576,
        2.0483760668000244,
        2.3562112849239094,
        2.771251860534999,
        3.4582118720249215,
        4.925404433905933,
        9.09663580374268,
        8236.970516436997,
        8.290774933570168,
        4.795016377628777,
        3.4763890933405435,
        2.9517206572124284,
        1.735862435394933,
        1.2212001458535502,
        1.104045395554568
    ],
    "zero_one_test_losses": [
        0.8668,
        0.8822,
        0.8566,
        0.8474,
        0.8428,
        0.8259,
        0.8099,
        0.8216,
        0.7985,
        0.8147,
        0.7751,
        0.7558,
        0.7273,
        0.706,
        0.6931,
        0.6678,
        0.6517,
        0.648,
        0.6617,
        0.6888,
        0.7113,
        0.7415,
        0.7841,
        0.8387,
        0.9959,
        0.8331,
        0.779,
        0.735,
        0.7133,
        0.6284,
        0.5278,
        0.5022
    ]
}
