{
    "norms": [
        0.2912874231146053,
        0.5669528431250735,
        0.6208253804599196,
        0.7109934440802472,
        0.8198927750625452,
        0.9210294499813648,
        0.8352035060496884,
        1.0286221946549616,
        1.115207100115702,
        1.1734356278129223,
        1.333152380231389
    ],
    "mse_train_losses": [
        27.977688343121436,
        27.861407326140725,
        27.82546440048168,
        27.773099860102533,
        27.686630760430166,
        27.59820990952569,
        27.67491388773031,
        27.50530698592037,
        27.421006526539003,
        27.34982588772891,
        27.156318256164923
    ],
    "zero_one_train_losses": [
        0.9,
        0.9076,
        0.9105,
        0.9099,
        0.9163,
        0.9192,
        0.9156,
        0.9229,
        0.9226,
        0.9208,
        0.9276
    ],
    "mse_test_losses": [
        28.159205549160838,
        28.244364485079096,
        28.32899155726293,
        28.370290819933075,
        28.51897690695672,
        28.447029978586507,
        28.505624479393475,
        28.600155244192322,
        28.703857091658254,
        28.788438335911902,
        28.962978897651514
    ],
    "zero_one_test_losses": [
        0.9024,
        0.9105,
        0.9127,
        0.917,
        0.921,
        0.9195,
        0.9174,
        0.9223,
        0.9265,
        0.9232,
        0.9267
    ]
}