{
    "norms": [
        0.5231249861992305,
        0.9416055450752537,
        1.3247026104368542,
        1.4681505164710478,
        1.5780869635836823,
        1.7851603678298467,
        1.8266802133361149,
        2.2119816971435493,
        2.1191516128766135,
        2.264212631272189,
        2.8316654871166036
    ],
    "mse_train_losses": [
        8.349665615262124,
        5.329786131951481,
        4.183394868852504,
        3.969817968041978,
        3.684447924390658,
        3.450365982576678,
        3.374829077600692,
        3.1940639152737944,
        3.105194484658986,
        2.6721022337011964,
        2.6798876786246097
    ],
    "zero_one_train_losses": [
        0.8665,
        0.8343,
        0.804,
        0.797,
        0.7851,
        0.7763,
        0.7735,
        0.763,
        0.7564,
        0.7204,
        0.7296
    ],
    "mse_test_losses": [
        8.110109317982845,
        5.233503055894085,
        4.139647374560559,
        4.10391548155049,
        3.6572684173757777,
        3.618274335491151,
        3.444829765603557,
        3.291564454814386,
        3.204022974300089,
        2.8300290348709094,
        2.8610059247198976
    ],
    "zero_one_test_losses": [
        0.8663,
        0.8447,
        0.8041,
        0.8076,
        0.7888,
        0.7826,
        0.7761,
        0.7692,
        0.7721,
        0.7316,
        0.7372
    ]
}